"surgery","age","hospital_number","rectal_temperature","pulse","respiratory_rate","temperature_of_extremities","peripheral_pulse","mucous_membranes","capillary_refill_time","pain","peristalsis","abdominal_distension","nasograstric_tube","nasogastric_reflux","n_r_PH","feces","abdomen","packed_cell_volume","total_protein","abdom_appearance","adom_tot_protein","outcome","surgical_lesion","lesion_1_site","lesion_1_type","lesion_1_subtype","lesion_1_code","lesion_2_site","lesion_2_type","lesion_2_subtype","lesion_2_code","lesion_3_site","lesion_3_type","lesion_3_subtype","lesion_3_code"
"1","Non-Surgical","Adult",530101,38.5,66,28,"Cool","reduced",NA,">3 seconds","cont severe pain","absent","severe",NA,NA,NA,"decreased","distended large",45,8.4,NA,NA,"died",2,"all sites","inflammation","N/A","n/a","none","none","N/A","n/a","none","simple","N/A","n/a"
"2","Surgical","Adult",534817,39.2,88,20,NA,NA,"pale cyanotic","<3 seconds","int mild pain","absent","slight",NA,NA,NA,"absent","other",50,85,"cloudy",2,"was euthanized",2,"Sm intestine","strangulation","N/A","hernia","none","none","N/A","n/a","none","simple","N/A","n/a"
"3","Non-Surgical","Adult",530334,38.3,40,24,"Normal","normal","pale pink","<3 seconds","int mild pain","hypomotile","none",NA,NA,NA,"normal","normal",33,6.7,NA,NA,"lived",2,"none","None","N/A","n/a","none","none","N/A","n/a","none","simple","N/A","n/a"
"4","Surgical","Young",5290409,39.1,164,84,"Cold","normal","dark cyanotic",">3 seconds","depressed","absent","severe","none",">1 liter",2,"decreased",NA,48,7.2,"serosanguinous",5.3,"died",1,"Sm intestine","strangulation","N/A","hernia","none","none","N/A","n/a","none","simple","N/A","n/a"
"5","Non-Surgical","Adult",530255,37.3,104,35,NA,NA,"dark cyanotic",">3 seconds",NA,NA,NA,NA,NA,NA,NA,NA,74,7.4,NA,NA,"died",2,"lg colon and cecum","inflammation","N/A","n/a","none","none","N/A","n/a","none","simple","N/A","n/a"
"6","Non-Surgical","Adult",528355,NA,NA,NA,"Warm","normal","pale pink","<3 seconds","depressed","hypomotile","slight","slight","none",1,"decreased","firm feces",NA,NA,NA,NA,"lived",2,"none","None","N/A","n/a","none","none","N/A","n/a","none","simple","N/A","n/a"
"7","Surgical","Adult",526802,37.9,48,16,"Normal","normal","normal pink","<3 seconds","int mild pain","hypomotile","moderate","none","none",1,"decreased","distended large",37,7,NA,NA,"lived",1,"lg colon","simple","Paralytic","adynamic","none","none","N/A","n/a","none","simple","N/A","n/a"
"8","Surgical","Adult",529607,NA,60,NA,"Cool",NA,NA,"<3 seconds",NA,"absent","slight","slight","none",1,"decreased","distended small",44,8.3,NA,NA,"died",1,"Sm intestine","strangulation","N/A","hernia","none","none","N/A","n/a","none","simple","N/A","n/a"
"9","Non-Surgical","Adult",530051,NA,80,36,"Cool","absent","pale pink","<3 seconds","int severe pain","absent","severe","slight","none",1,"decreased","distended large",38,6.2,NA,NA,"was euthanized",1,"lg colon","strangulation","N/A","volvulus/torsion","none","none","N/A","n/a","none","simple","N/A","n/a"
"10","Non-Surgical","Young",5299629,38.3,90,NA,"Normal",NA,"normal pink","<3 seconds","cont severe pain","hypomotile","none","slight","none",1,"decreased",NA,40,6.2,"clear",2.2,"lived",2,"none","None","N/A","n/a","none","none","N/A","n/a","none","simple","N/A","n/a"
"11","Surgical","Adult",528548,38.1,66,12,"Cool","reduced","bright red","<3 seconds","int mild pain","hypomotile","none","slight","none",1,"increased","distended large",44,6,"cloudy",3.6,"lived",1,"Sm intestine","simple","Paralytic","adynamic","none","none","N/A","n/a","none","simple","N/A","n/a"
"12","Non-Surgical","Adult",527927,39.1,72,52,"Warm",NA,"bright pink","<3 seconds","depressed","hypermotile","slight","none","none",1,"absent","distended small",50,7.8,NA,NA,"lived",1,"Sm intestine","simple","mechanical","obturation","none","none","N/A","n/a","none","simple","N/A","n/a"
"13","Surgical","Adult",528031,37.2,42,12,"Warm","normal","normal pink","<3 seconds","int mild pain","hypomotile","moderate","significant","none",1,"absent","distended large",NA,7,NA,NA,"lived",2,"lg colon and cecum","simple","Paralytic","adynamic","none","none","N/A","n/a","none","simple","N/A","n/a"
"14","Non-Surgical","Young",5291329,38,92,28,"Normal","normal","bright pink","<3 seconds","alert no pain","hypomotile","slight","significant",NA,NA,"normal","normal",37,6.1,"clear",NA,"died",2,"none","None","N/A","n/a","none","none","N/A","n/a","none","simple","N/A","n/a"
"15","Surgical","Adult",534917,38.2,76,28,"Cool","normal","normal pink","<3 seconds","int mild pain","absent","none","slight",">1 liter",2,"absent","distended small",46,81,"clear",2,"lived",1,"Sm intestine","simple","mechanical","intrinsic","none","none","N/A","n/a","none","simple","N/A","n/a"
"16","Surgical","Adult",530233,37.6,96,48,"Cool","normal","pale cyanotic","<3 seconds","cont severe pain","hypomotile","moderate","slight","<1 liter",3,"absent",NA,45,6.8,NA,NA,"died",1,"lg colon","strangulation","N/A","thromboemboic","none","none","N/A","n/a","none","simple","N/A","n/a"
"17","Surgical","Young",5301219,NA,128,36,"Cool","reduced","pale cyanotic",">3 seconds","int severe pain","absent","moderate","significant",NA,NA,"absent","distended large",53,7.8,"serosanguinous",4.7,"died",2,"gastric","other","N/A","n/a","none","none","N/A","n/a","none","simple","N/A","n/a"
"18","Non-Surgical","Adult",526639,37.5,48,24,NA,NA,NA,NA,NA,NA,NA,NA,NA,NA,NA,NA,NA,NA,NA,NA,"lived",2,"none","None","N/A","n/a","none","none","N/A","n/a","none","simple","N/A","n/a"
"19","Surgical","Adult",5290481,37.6,64,21,"Normal","normal","bright pink","<3 seconds","depressed","hypomotile","none","none","none",1,"increased","distended large",40,7,"clear",NA,"lived",1,"lg colon and cecum","strangulation","N/A","volvulus/torsion","none","none","N/A","n/a","none","simple","N/A","n/a"
"20","Non-Surgical","Adult",532110,39.4,110,35,"Cold","reduced","dark cyanotic",NA,NA,"hypomotile","moderate",NA,NA,NA,NA,NA,55,8.7,NA,NA,"lived",2,"none","None","N/A","n/a","none","none","N/A","n/a","none","simple","N/A","n/a"
"21","Surgical","Adult",530157,39.9,72,60,"Normal","normal","bright red",">3 seconds","cont severe pain","absent","severe","significant","none",1,"absent","distended small",46,6.1,"cloudy",NA,"lived",1,"Sm intestine","simple","mechanical","obturation","none","none","N/A","n/a","none","simple","N/A","n/a"
"22","Non-Surgical","Adult",529340,38.4,48,16,"Normal",NA,"normal pink","<3 seconds","alert no pain","hypomotile","none","slight","<1 liter",3,"absent","firm feces",49,6.8,NA,NA,"lived",2,"none","None","N/A","n/a","none","none","N/A","n/a","none","simple","N/A","n/a"
"23","Surgical","Adult",521681,38.6,42,34,"Warm","normal","pale cyanotic",NA,"depressed","hypomotile","none",NA,NA,NA,"normal",NA,48,7.2,NA,NA,"lived",1,"lg colon","simple","mechanical","obturation","none","none","N/A","n/a","none","simple","N/A","n/a"
"24","Surgical","Young",534998,38.3,130,60,NA,"reduced",NA,"<3 seconds","depressed","absent",NA,NA,NA,NA,NA,NA,50,70,NA,NA,"lived",1,"lg colon","simple","mechanical","obturation","none","none","N/A","n/a","none","simple","N/A","n/a"
"25","Surgical","Adult",533692,38.1,60,12,"Cool","reduced","pale pink","<3 seconds",NA,"absent","moderate","significant",">1 liter",2,NA,NA,51,65,NA,NA,"lived",1,"lg colon","simple","mechanical","obturation","none","none","N/A","n/a","none","simple","N/A","n/a"
"26","Non-Surgical","Adult",529518,37.8,60,42,NA,NA,NA,"<3 seconds",NA,NA,NA,NA,NA,NA,NA,NA,NA,NA,NA,NA,"lived",2,"none","None","N/A","n/a","none","none","N/A","n/a","none","simple","N/A","n/a"
"27","Surgical","Adult",530526,38.3,72,30,"Cold","reduced","pale pink",">3 seconds","int mild pain","hypomotile","moderate","slight","none",1,"decreased","distended large",43,7,"cloudy",3.9,"lived",1,"lg colon","simple","mechanical","obturation","none","none","N/A","n/a","none","simple","N/A","n/a"
"28","Surgical","Adult",528653,37.8,48,12,"Cool","normal","normal pink","<3 seconds",NA,"hypomotile","slight","none","none",1,"normal","firm feces",37,5.5,"cloudy",1.3,"lived",2,"lg colon and cecum","simple","Paralytic","intrinsic","none","none","N/A","n/a","none","simple","N/A","n/a"
"29","Surgical","Adult",5279442,NA,NA,NA,NA,NA,NA,NA,NA,NA,NA,NA,NA,NA,NA,NA,NA,NA,NA,NA,"died",2,"lg colon and cecum","inflammation","N/A","n/a","none","none","N/A","n/a","none","simple","N/A","n/a"
"30","Non-Surgical","Adult",535415,37.7,48,NA,"Warm","normal","normal pink","<3 seconds","alert no pain","hypermotile","none","none","none",1,NA,NA,45,76,NA,NA,"lived",2,"none","None","N/A","n/a","none","none","N/A","n/a","none","simple","N/A","n/a"
"31","Non-Surgical","Adult",529475,37.7,96,30,"Cool","reduced","pale cyanotic",">3 seconds","cont severe pain","absent","severe","significant",">1 liter",2,"absent","distended large",66,7.5,NA,NA,"died",1,"lg colon and cecum","strangulation","N/A","volvulus/torsion","none","none","N/A","n/a","none","simple","N/A","n/a"
"32","Non-Surgical","Adult",530242,37.2,108,12,"Cool","reduced","pale cyanotic",">3 seconds","depressed","absent","slight",NA,"<1 liter",3,"decreased","firm feces",52,8.2,"serosanguinous",7.4,"was euthanized",1,"Sm intestine","strangulation","N/A","thromboemboic","none","none","N/A","n/a","none","simple","N/A","n/a"
"33","Surgical","Adult",529427,37.2,60,NA,"Warm","normal","normal pink","<3 seconds","int mild pain","hypomotile","moderate","slight","none",1,"absent","distended large",43,6.6,NA,NA,"lived",1,"Sm intestine","strangulation","N/A","lipoma/slenic incarceration","none","none","N/A","n/a","none","simple","N/A","n/a"
"34","Surgical","Adult",529663,38.2,64,28,"Normal","normal","normal pink","<3 seconds","int mild pain","hypermotile",NA,NA,NA,NA,"absent","distended small",49,8.6,"cloudy",6.6,"lived",1,"Sm intestine","strangulation","N/A","hernia","none","none","N/A","n/a","none","simple","N/A","n/a"
"35","Surgical","Adult",529796,NA,100,30,"Cool","reduced","pale cyanotic",">3 seconds","cont severe pain","absent","severe","significant","<1 liter",3,"absent","distended small",52,6.6,NA,NA,"lived",1,"gastric","simple","Paralytic","adynamic","none","none","N/A","n/a","none","simple","N/A","n/a"
"36","Non-Surgical","Adult",528812,NA,104,24,"Cold","reduced","pale pink",">3 seconds","int severe pain","absent","moderate",NA,"<1 liter",3,NA,"other",73,8.4,NA,NA,"was euthanized",1,"retum/descending colon","simple","mechanical","obturation","none","none","N/A","n/a","none","simple","N/A","n/a"
"37","Non-Surgical","Adult",529493,38.3,112,16,NA,"reduced","bright red",">3 seconds",NA,NA,"none","none",">1 liter",2,NA,"distended large",51,6,"cloudy",1,"was euthanized",2,"cecum","strangulation","N/A","volvulus/torsion","none","none","N/A","n/a","none","simple","N/A","n/a"
"38","Surgical","Adult",533847,37.8,72,NA,NA,"reduced",NA,"<3 seconds","cont severe pain","hypomotile","none",NA,"none",1,"normal","normal",56,80,"clear",2,"lived",1,"lg colon","simple","mechanical","obturation","none","none","N/A","n/a","none","simple","N/A","n/a"
"39","Non-Surgical","Adult",528996,38.6,52,NA,"Normal","normal","normal pink","<3 seconds","int mild pain","hypomotile","slight","none","none",1,"normal","firm feces",32,6.6,"clear",5,"lived",2,"none","None","N/A","n/a","none","none","N/A","n/a","none","simple","N/A","n/a"
"40","Surgical","Young",5277409,39.2,146,96,NA,NA,NA,NA,NA,NA,NA,NA,NA,NA,NA,NA,NA,NA,NA,NA,"died",1,"Sm intestine","simple","mechanical","extrinsic","none","none","N/A","n/a","none","simple","N/A","n/a"
"41","Surgical","Adult",529498,NA,88,NA,"Cool","reduced","dark cyanotic",">3 seconds","cont severe pain","hypomotile","moderate","none","<1 liter",3,"absent","distended large",63,6.5,"serosanguinous",NA,"died",1,"lg colon and cecum","strangulation","N/A","volvulus/torsion","none","none","N/A","n/a","none","simple","N/A","n/a"
"42","Non-Surgical","Young",5288249,39,150,72,NA,NA,NA,NA,NA,NA,NA,NA,NA,NA,NA,NA,47,8.5,NA,0.1,"lived",1,"bladder","other","N/A","n/a","none","none","N/A","n/a","none","simple","N/A","n/a"
"43","Non-Surgical","Adult",530301,38,60,12,"Cool","normal","pale pink","<3 seconds","int mild pain","hypomotile","none","none","none",1,"increased","other",47,7,NA,NA,"lived",2,"lg colon","simple","mechanical","obturation","none","none","N/A","n/a","none","simple","N/A","n/a"
"44","Surgical","Adult",534069,NA,120,NA,"Cool","absent","pale cyanotic","<3 seconds","int severe pain","absent","severe","none","none",1,NA,"distended large",52,67,"cloudy",2,"was euthanized",1,"lg colon","strangulation","N/A","volvulus/torsion","none","none","N/A","n/a","none","simple","N/A","n/a"
"45","Surgical","Adult",535407,35.4,140,24,"Cool","reduced","pale cyanotic",">3 seconds","int severe pain","absent",NA,"slight","none",1,NA,"distended large",57,69,"serosanguinous",2,"was euthanized",1,"lg colon","strangulation","N/A","volvulus/torsion","none","none","N/A","n/a","none","simple","N/A","n/a"
"46","Non-Surgical","Adult",529827,NA,120,NA,"Cold","reduced","pale cyanotic",">3 seconds","cont severe pain","absent","severe","none","none",1,"absent","distended large",60,6.5,"serosanguinous",NA,"died",1,"lg colon","strangulation","N/A","volvulus/torsion","none","none","N/A","n/a","none","simple","N/A","n/a"
"47","Surgical","Adult",529888,37.9,60,15,"Cool",NA,"pale cyanotic",">3 seconds","cont severe pain","absent","severe","slight",">1 liter",2,"absent","distended large",65,7.5,NA,NA,"lived",1,"Sm intestine","inflammation","N/A","volvulus/torsion","none","none","N/A","n/a","none","simple","N/A","n/a"
"48","Non-Surgical","Adult",529821,37.5,48,16,"Normal","normal","normal pink","<3 seconds","alert no pain","hypermotile","none","none","none",1,"normal",NA,37,6.5,NA,NA,"lived",2,"none","None","N/A","n/a","none","none","N/A","n/a","none","simple","N/A","n/a"
"49","Surgical","Adult",528890,38.9,80,44,"Cool","reduced","pale pink",">3 seconds","depressed","hypomotile","moderate","slight",">1 liter",2,"decreased","normal",54,6.5,"serosanguinous",NA,"died",1,"retum/descending colon","simple","mechanical","obturation","none","none","N/A","n/a","none","simple","N/A","n/a"
"50","Non-Surgical","Adult",529642,37.2,84,48,"Cool","reduced","bright red",">3 seconds","int severe pain","hypermotile","slight","none",">1 liter",2,"increased","normal",73,5.5,"cloudy",4.1,"died",2,"lg colon and cecum","inflammation","N/A","n/a","none","none","N/A","n/a","none","simple","N/A","n/a"
"51","Non-Surgical","Adult",529766,38.6,46,NA,"Normal","normal","bright pink","<3 seconds","alert no pain","hypomotile","slight","none","none",1,NA,"other",49,9.1,"clear",1.6,"lived",2,"lg colon","simple","mechanical","obturation","none","none","N/A","n/a","none","simple","N/A","n/a"
"52","Surgical","Adult",527706,37.4,84,36,"Normal",NA,"pale pink",">3 seconds","int mild pain","hypomotile","slight",NA,NA,NA,"absent","distended large",NA,NA,"serosanguinous",NA,"died",1,"retum/descending colon","strangulation","N/A","lipoma/slenic incarceration","none","none","N/A","n/a","none","simple","N/A","n/a"
"53","Non-Surgical","Adult",529483,NA,NA,NA,"Normal","normal","pale pink","<3 seconds","alert no pain","hypomotile","none",NA,NA,NA,"increased","other",43,7.7,NA,NA,"lived",2,"lg colon","simple","mechanical","obturation","none","none","N/A","n/a","none","simple","N/A","n/a"
"54","Non-Surgical","Adult",530544,38.6,40,20,NA,NA,NA,"<3 seconds",NA,NA,NA,NA,NA,NA,NA,NA,41,6.4,NA,NA,"lived",2,"lg colon","simple","mechanical","obturation","none","none","N/A","n/a","none","simple","N/A","n/a"
"55","Non-Surgical","Adult",529461,40.3,114,36,"Cool","reduced","normal pink",">3 seconds","depressed","hypomotile","moderate","slight","none",1,"normal","distended large",57,8.1,"serosanguinous",4.5,"was euthanized",1,"retum/descending colon","other","N/A","n/a","none","none","N/A","n/a","none","simple","N/A","n/a"
"56","Surgical","Young",5282839,38.6,160,20,"Cool",NA,"bright red","<3 seconds","int mild pain","hypomotile","severe","significant",NA,NA,"absent",NA,38,NA,"cloudy",NA,"died",1,"retum/descending colon","simple","mechanical","obturation","none","none","N/A","n/a","none","simple","N/A","n/a"
"57","Surgical","Adult",528872,NA,NA,NA,NA,NA,NA,NA,NA,NA,NA,NA,NA,NA,NA,NA,24,6.7,NA,NA,"lived",1,"lg colon","simple","mechanical","intrinsic","none","none","N/A","n/a","none","simple","N/A","n/a"
"58","Surgical","Adult",529640,NA,64,36,"Warm",NA,"bright pink","<3 seconds","cont severe pain","hypomotile","moderate","slight",">1 liter",2,NA,NA,42,7.7,NA,NA,"died",1,"lg colon","strangulation","N/A","lipoma/slenic incarceration","none","none","N/A","n/a","none","simple","N/A","n/a"
"59","Surgical","Adult",528298,NA,NA,20,"Cold","reduced","pale pink",NA,"cont severe pain","absent","moderate","slight",NA,NA,"absent","distended small",53,5.9,"serosanguinous",NA,"died",1,"lg colon","strangulation","N/A","volvulus/torsion","none","none","N/A","n/a","none","simple","N/A","n/a"
"60","Non-Surgical","Adult",528904,NA,96,NA,"Cool","reduced","pale pink",">3 seconds","cont severe pain","absent","severe","none",">1 liter",2,"absent","distended large",60,NA,NA,NA,"died",1,"lg colon and cecum","strangulation","N/A","volvulus/torsion","none","none","N/A","n/a","none","simple","N/A","n/a"
"61","Non-Surgical","Adult",530438,37.8,48,32,"Normal","normal","pale pink","<3 seconds","depressed","hypermotile",NA,"none","none",1,"absent","distended large",37,6.7,NA,NA,"lived",2,"Sm intestine","simple","Paralytic","adynamic","none","none","N/A","n/a","none","simple","N/A","n/a"
"62","Non-Surgical","Adult",527957,38.5,60,NA,"Warm","increased","normal pink","<3 seconds","alert no pain","normal","slight","slight","none",1,"normal","normal",44,7.7,NA,NA,"lived",2,"none","None","N/A","n/a","none","none","N/A","n/a","none","simple","N/A","n/a"
"63","Surgical","Adult",528630,37.8,88,22,"Warm","normal","bright pink","<3 seconds","int mild pain",NA,NA,"slight",NA,NA,"absent",NA,64,8,"clear",6,"died",1,"lg colon","strangulation","N/A","volvulus/torsion","none","none","N/A","n/a","none","simple","N/A","n/a"
"64","Non-Surgical","Adult",534293,38.2,130,16,"Cold","reduced","pale cyanotic",">3 seconds","depressed","absent","severe","none","none",1,NA,NA,65,82,"cloudy",2,"was euthanized",2,"Sm intestine","strangulation","N/A","lipoma/slenic incarceration","gastric","other","N/A","n/a","none","simple","N/A","n/a"
"65","Surgical","Adult",529667,39,64,36,"Cool","normal","pale cyanotic",">3 seconds","int mild pain","hypomotile","slight","none",">1 liter",2,"absent","distended large",44,7.5,"serosanguinous",5,"lived",1,"Sm intestine","simple","mechanical","extrinsic","none","none","N/A","n/a","none","simple","N/A","n/a"
"66","Surgical","Adult",534885,NA,60,36,"Cool","normal","pale pink","<3 seconds","int mild pain","hypomotile","slight","none","none",1,"decreased","distended small",26,72,"cloudy",1,"lived",1,"Sm intestine","strangulation","N/A","hernia","none","none","N/A","n/a","none","simple","N/A","n/a"
"67","Non-Surgical","Adult",534784,37.9,72,NA,"Normal","normal","bright red",">3 seconds","int mild pain","hypomotile","none","none","<1 liter",3,"decreased","distended small",58,74,"clear",2,"lived",1,"Sm intestine","inflammation","Paralytic","intrinsic","none","none","N/A","n/a","none","simple","N/A","n/a"
"68","Non-Surgical","Adult",528931,38.4,54,24,"Normal","normal","normal pink","<3 seconds","alert no pain","hypomotile","none","slight","none",1,"decreased","other",49,7.2,"clear",NA,"lived",2,"lg colon","simple","mechanical","obturation","none","none","N/A","n/a","none","simple","N/A","n/a"
"69","Non-Surgical","Adult",529777,NA,52,16,"Normal",NA,"pale pink","<3 seconds",NA,NA,NA,"slight","<1 liter",3,NA,NA,55,7.2,NA,NA,"lived",2,"Sm intestine","simple","Paralytic","adynamic","none","none","N/A","n/a","none","simple","N/A","n/a"
"70","Non-Surgical","Adult",530276,38,48,12,"Normal","normal","normal pink","<3 seconds","alert no pain","hypomotile",NA,"none","none",1,"decreased","other",42,6.3,"cloudy",4.1,"lived",2,"lg colon","simple","mechanical","obturation","none","none","N/A","n/a","none","simple","N/A","n/a"
"71","Non-Surgical","Adult",528214,37,60,20,"Cool",NA,NA,"<3 seconds","int mild pain",NA,"moderate","slight",">1 liter",2,"absent","distended small",43,7.6,NA,NA,"was euthanized",1,"Sm intestine","strangulation","N/A","lipoma/slenic incarceration","none","none","N/A","n/a","none","simple","N/A","n/a"
"72","Surgical","Adult",529424,37.8,48,28,"Normal","normal","normal pink","<3 seconds","alert no pain","normal","none","slight",NA,NA,"normal","normal",46,5.9,"cloudy",7,"lived",2,"none","None","N/A","n/a","none","none","N/A","n/a","none","simple","N/A","n/a"
"73","Surgical","Adult",5299253,37.7,56,NA,NA,NA,NA,NA,NA,NA,NA,NA,NA,NA,NA,NA,NA,NA,NA,NA,"died",1,"Sm intestine","simple","mechanical","extrinsic","none","none","N/A","n/a","none","simple","N/A","n/a"
"74","Surgical","Adult",528469,38.1,52,24,"Normal","normal","bright red","<3 seconds","int severe pain","hypomotile","none","slight","<1 liter",3,"normal",NA,54,7.5,"cloudy",2.6,"died",1,"Sm intestine","simple","mechanical","intrinsic","none","none","N/A","n/a","none","simple","N/A","n/a"
"75","Surgical","Young",5292929,NA,NA,NA,NA,NA,NA,NA,NA,NA,NA,NA,NA,NA,NA,NA,37,4.9,NA,NA,"died",1,"all sites","simple","Paralytic","adynamic","none","none","N/A","n/a","none","simple","N/A","n/a"
"76","Surgical","Young",534092,39.7,100,NA,"Cool","reduced","bright red",">3 seconds","depressed","hypomotile",NA,NA,NA,NA,NA,NA,48,57,"cloudy",2,"was euthanized",1,"gastric","other","N/A","n/a","none","none","N/A","n/a","none","simple","N/A","n/a"
"77","Surgical","Adult",534615,37.6,38,20,"Cool","reduced","normal pink","<3 seconds","int mild pain","hypomotile","slight",NA,NA,NA,"decreased",NA,37,68,NA,NA,"lived",1,"lg colon","strangulation","N/A","volvulus/torsion","none","none","N/A","n/a","none","simple","N/A","n/a"
"78","Non-Surgical","Adult",534753,38.7,52,20,"Warm",NA,"normal pink","<3 seconds","alert no pain","hypermotile","none","none","none",1,"normal","normal",33,77,NA,NA,"lived",2,"none","None","N/A","n/a","none","none","N/A","n/a","none","simple","N/A","n/a"
"79","Surgical","Adult",530693,NA,NA,NA,"Cool","reduced","pale pink","error","cont severe pain","hypomotile","moderate","significant",">1 liter",2,"absent","distended large",46,5.9,NA,NA,"died",1,"lg colon","None","Paralytic","volvulus/torsion","none","none","N/A","n/a","none","simple","N/A","n/a"
"80","Surgical","Adult",527463,37.5,96,18,"Normal","reduced","dark cyanotic",">3 seconds","int mild pain","absent","slight","slight","<1 liter",3,NA,"distended small",69,8.9,"serosanguinous",NA,"lived",1,"Sm intestine","strangulation","N/A","hernia","none","none","N/A","n/a","none","simple","N/A","n/a"
"81","Surgical","Adult",527518,36.4,98,35,"Cool","reduced","pale cyanotic","<3 seconds","int severe pain","hypomotile","slight",NA,NA,NA,"absent","distended small",47,6.4,"serosanguinous",3.6,"died",1,"Sm intestine","strangulation","N/A","volvulus/torsion","none","none","N/A","n/a","none","simple","N/A","n/a"
"82","Surgical","Adult",534756,37.3,40,NA,NA,"reduced","normal pink","<3 seconds","depressed","hypomotile","slight","significant","none",1,"decreased","distended large",36,NA,"serosanguinous",2,"lived",1,"lg colon","simple","mechanical","obturation","none","none","N/A","n/a","none","simple","N/A","n/a"
"83","Surgical","Young",5290759,38.1,100,80,"Cool","normal","bright pink","<3 seconds","int mild pain","absent","none",NA,NA,NA,"normal",NA,36,5.7,NA,NA,"lived",1,"lg colon","simple","mechanical","obturation","none","none","N/A","n/a","none","simple","N/A","n/a"
"84","Surgical","Adult",5279822,38,NA,24,"Cool","reduced","dark cyanotic",">3 seconds","cont severe pain",NA,"severe","none","none",1,NA,NA,68,7.8,NA,NA,"died",1,"lg colon","strangulation","N/A","volvulus/torsion","none","none","N/A","n/a","none","simple","N/A","n/a"
"85","Surgical","Adult",529849,37.8,60,80,"Normal","reduced","bright pink",">3 seconds","depressed","hypomotile","moderate",NA,">1 liter",2,"absent",NA,40,4.5,"cloudy",NA,"lived",1,"cecum","strangulation","N/A","intussuption","none","none","N/A","n/a","none","simple","N/A","n/a"
"86","Non-Surgical","Adult",529304,38,54,30,"Warm","reduced","pale pink","error","int mild pain","hypermotile","slight","slight",">1 liter",2,NA,"distended small",45,6.2,NA,NA,"lived",2,"none","other","N/A","n/a","none","none","N/A","n/a","none","simple","N/A","n/a"
"87","Surgical","Adult",529388,NA,88,40,"Cool","reduced","pale cyanotic",">3 seconds","cont severe pain","absent","moderate","significant",NA,NA,"absent","distended large",50,7.7,"serosanguinous",1.4,"died",1,"lg colon and cecum","strangulation","N/A","volvulus/torsion","none","none","N/A","n/a","none","simple","N/A","n/a"
"88","Non-Surgical","Adult",528006,NA,40,16,NA,NA,NA,"<3 seconds",NA,NA,NA,NA,NA,NA,NA,NA,50,7,"cloudy",3.9,"was euthanized",1,"Sm intestine","strangulation","N/A","hernia","none","none","N/A","n/a","none","simple","N/A","n/a"
"89","Non-Surgical","Adult",529703,39,64,40,"Normal","normal","bright red","<3 seconds","int mild pain","hypomotile","slight","slight","none",1,"decreased","firm feces",42,7.5,"cloudy",2.3,"lived",2,"cecum","None","N/A","n/a","none","none","N/A","n/a","none","simple","N/A","n/a"
"90","Non-Surgical","Adult",535381,38.3,42,10,"Normal","normal","normal pink","<3 seconds","alert no pain","hypermotile","none",NA,NA,NA,NA,NA,38,61,NA,NA,"lived",2,"none","None","N/A","n/a","none","none","N/A","n/a","none","simple","N/A","n/a"
"91","Non-Surgical","Adult",534197,38,52,16,NA,NA,NA,NA,"depressed",NA,NA,NA,"<1 liter",3,"normal","normal",53,86,NA,NA,"lived",1,"Sm intestine","inflammation","Paralytic","intrinsic","none","none","N/A","n/a","none","simple","N/A","n/a"
"92","Non-Surgical","Adult",529461,40.3,114,36,"Cool","reduced","normal pink",">3 seconds","depressed","hypomotile","moderate","slight","none",1,"normal","distended large",57,8.1,"serosanguinous",4.5,"died",1,"lg colon","strangulation","N/A","volvulus/torsion","none","none","N/A","n/a","none","simple","N/A","n/a"
"93","Non-Surgical","Adult",530251,38.8,50,20,"Cool","normal","normal pink","<3 seconds","alert no pain","hypermotile","none","slight","none",1,"decreased","normal",42,6.2,NA,NA,"lived",2,"none","None","N/A","n/a","none","none","N/A","n/a","none","simple","N/A","n/a"
"94","Non-Surgical","Adult",530310,NA,NA,NA,"Cool","reduced","normal pink","<3 seconds","cont severe pain","hypomotile","moderate","none","none",1,"absent","distended large",38,6.5,NA,NA,"died",1,"lg colon","strangulation","N/A","volvulus/torsion","none","none","N/A","n/a","none","simple","N/A","n/a"
"95","Non-Surgical","Adult",528729,37.5,48,30,"Cold","normal","pale pink","<3 seconds",NA,"normal","none","none","none",1,"normal","normal",48,8.6,NA,NA,"lived",2,"none","None","N/A","n/a","none","none","N/A","n/a","none","simple","N/A","n/a"
"96","Surgical","Adult",535158,37.3,48,20,NA,"normal","bright pink","<3 seconds","int mild pain","hypomotile","moderate","slight","none",1,"decreased","distended large",41,69,NA,NA,"lived",1,"lg colon","strangulation","N/A","volvulus/torsion","none","none","N/A","n/a","none","simple","N/A","n/a"
"97","Non-Surgical","Adult",530319,NA,84,36,NA,NA,"pale pink","<3 seconds",NA,"hypomotile","none","slight","none",1,"decreased","other",44,8.5,NA,NA,"lived",1,"lg colon","simple","mechanical","obturation","none","none","N/A","n/a","none","simple","N/A","n/a"
"98","Surgical","Adult",534145,38.1,88,32,"Cool","reduced","pale cyanotic","<3 seconds","depressed","hypomotile","moderate",NA,"<1 liter",3,"absent","distended large",55,60,NA,NA,"was euthanized",2,"lg colon","strangulation","N/A","volvulus/torsion","none","none","N/A","n/a","none","simple","N/A","n/a"
"99","Non-Surgical","Adult",534135,37.7,44,40,"Warm","normal","pale pink","<3 seconds","alert no pain","hypomotile","slight","none","none",1,"normal","distended large",41,60,NA,NA,"lived",2,"none","None","N/A","n/a","none","none","N/A","n/a","none","simple","N/A","n/a"
"100","Non-Surgical","Adult",530002,39.6,108,51,"Cool","reduced","dark cyanotic",">3 seconds","depressed","absent","moderate","none",">1 liter",2,"decreased","distended large",59,8,"cloudy",2.6,"lived",2,"lg colon and cecum","inflammation","N/A","n/a","none","none","N/A","n/a","none","simple","N/A","n/a"
"101","Surgical","Adult",535364,38.2,40,16,"Cool","reduced","normal pink","<3 seconds","alert no pain","hypomotile",NA,NA,NA,NA,"normal","normal",34,66,NA,NA,"lived",2,"none","None","N/A","n/a","none","none","N/A","n/a","none","simple","N/A","n/a"
"102","Surgical","Adult",534899,NA,60,20,"Cold","reduced","pale cyanotic",">3 seconds","cont severe pain","absent",NA,NA,"none",1,"absent","distended large",NA,NA,NA,NA,"was euthanized",1,"lg colon","strangulation","N/A","volvulus/torsion","none","none","N/A","n/a","none","simple","N/A","n/a"
"103","Non-Surgical","Adult",534938,38.3,40,16,"Cool",NA,"normal pink","<3 seconds","depressed",NA,NA,NA,NA,NA,NA,NA,37,57,NA,NA,"lived",2,"none","None","N/A","n/a","none","none","N/A","n/a","none","simple","N/A","n/a"
"104","Surgical","Young",5292489,38,140,68,"Normal","normal","normal pink","<3 seconds","int mild pain","hypomotile","slight",NA,NA,NA,"increased","normal",39,5.3,NA,NA,"lived",1,"retum/descending colon","simple","mechanical","obturation","none","none","N/A","n/a","none","simple","N/A","n/a"
"105","Surgical","Adult",527563,37.8,52,24,"Normal","reduced","pale pink","<3 seconds","int severe pain","absent","none","slight","<1 liter",3,"increased","distended large",48,6.6,"clear",3.7,"died",1,"cecum","other","N/A","n/a","none","none","N/A","n/a","none","simple","N/A","n/a"
"106","Surgical","Adult",530381,NA,70,36,"Normal",NA,"pale pink",">3 seconds","depressed","hypomotile","slight","slight",NA,NA,"absent","distended large",36,7.3,NA,NA,"lived",1,"error31","simple","mechanical","n/a","none","none","N/A","n/a","none","simple","N/A","n/a"
"107","Surgical","Adult",528668,38.3,52,96,NA,"reduced","pale pink","<3 seconds",NA,NA,NA,"none","none",1,"normal",NA,43,6.1,NA,NA,"lived",1,"lg colon","strangulation","N/A","lipoma/slenic incarceration","none","none","N/A","n/a","none","simple","N/A","n/a"
"108","Non-Surgical","Adult",529764,37.3,50,32,"Normal","normal","pale pink","<3 seconds","alert no pain","hypomotile","slight",NA,NA,NA,"normal",NA,44,7,NA,NA,"lived",2,"none","None","N/A","n/a","none","none","N/A","n/a","none","simple","N/A","n/a"
"109","Surgical","Adult",533696,38.7,60,32,"Cold","reduced","bright pink",">3 seconds","int severe pain","absent","severe",NA,NA,NA,"absent","distended large",53,64,"serosanguinous",2,"was euthanized",1,"lg colon","strangulation","N/A","volvulus/torsion","none","none","N/A","n/a","none","simple","N/A","n/a"
"110","Surgical","Young",5297379,38.4,84,40,"Cool","reduced","bright pink","<3 seconds","int mild pain","hypomotile","moderate","none","none",1,NA,NA,36,6.6,"cloudy",2.8,"died",1,"Sm intestine","strangulation","N/A","volvulus/torsion","none","none","N/A","n/a","none","simple","N/A","n/a"
"111","Surgical","Adult",527544,NA,70,16,"Cool","absent","bright red",">3 seconds","depressed","hypomotile","slight","slight","none",1,"absent","distended large",60,7.5,NA,NA,"died",1,"Sm intestine","simple","mechanical","intrinsic","none","none","N/A","n/a","none","simple","N/A","n/a"
"112","Surgical","Adult",533736,38.3,40,16,"Cool",NA,NA,"<3 seconds","alert no pain","hypomotile","slight",NA,NA,NA,NA,NA,38,58,"clear",2,"lived",1,"lg colon","simple","mechanical","obturation","retum/descending colon","simple","mechanical","obturation","none","simple","N/A","n/a"
"113","Surgical","Adult",534963,NA,40,NA,"Warm","normal","normal pink","<3 seconds","alert no pain","hypomotile","none","none","none",1,NA,"distended large",39,56,NA,NA,"lived",1,"lg colon","simple","mechanical","obturation","none","none","N/A","n/a","none","simple","N/A","n/a"
"114","Surgical","Adult",527933,36.8,60,28,NA,NA,NA,NA,NA,NA,NA,NA,NA,NA,NA,NA,NA,NA,NA,10,"died",1,"lg colon","strangulation","N/A","volvulus/torsion","none","none","N/A","n/a","none","simple","N/A","n/a"
"115","Surgical","Adult",532349,38.4,44,24,"Cool",NA,"pale cyanotic",NA,"cont severe pain","absent","moderate","slight","none",1,"absent","distended large",50,77,NA,NA,"lived",1,"lg colon","strangulation","N/A","volvulus/torsion","none","none","N/A","n/a","none","simple","N/A","n/a"
"116","Non-Surgical","Adult",533723,NA,NA,40,"Cool","normal","normal pink","<3 seconds","int mild pain","hypomotile","slight",NA,NA,NA,NA,NA,45,70,NA,NA,"lived",2,"none","None","N/A","n/a","none","none","N/A","n/a","none","simple","N/A","n/a"
"117","Surgical","Adult",535208,38,44,12,"Normal","normal","normal pink","<3 seconds","int mild pain","hypomotile","moderate","slight","none",1,"absent","distended large",42,65,NA,NA,"lived",1,"lg colon","strangulation","N/A","volvulus/torsion","lg colon","simple","mechanical","obturation","none","simple","N/A","n/a"
"118","Non-Surgical","Adult",5290482,39.5,NA,NA,"Cool","reduced","pale cyanotic",">3 seconds","int mild pain","absent","moderate",NA,"<1 liter",3,"absent","distended large",NA,6.7,"clear",NA,"was euthanized",1,"lg colon and cecum","strangulation","N/A","volvulus/torsion","none","none","N/A","n/a","none","simple","N/A","n/a"
"119","Surgical","Adult",533983,36.5,78,30,"Normal",NA,"normal pink","<3 seconds","cont severe pain","hypomotile","none",NA,"none",1,NA,NA,34,75,"cloudy",1,"lived",1,"lg colon","simple","mechanical","intrinsic","transverse colon","simple","mechanical","intrinsic","none","simple","N/A","n/a"
"120","Non-Surgical","Adult",535166,38.1,56,20,"Warm","normal","bright pink","<3 seconds","alert no pain","hypomotile","none","none","none",1,NA,NA,46,70,NA,NA,"lived",2,"none","None","N/A","n/a","none","none","N/A","n/a","none","simple","N/A","n/a"
"121","Surgical","Adult",528682,39.4,54,66,"Normal","normal","bright pink","<3 seconds","depressed","hypomotile","slight","none","none",1,"decreased","distended small",39,6,"cloudy",NA,"lived",1,"Sm intestine","strangulation","N/A","intussuption","none","none","N/A","n/a","none","simple","N/A","n/a"
"122","Surgical","Adult",534556,38.3,80,40,NA,NA,"dark cyanotic",">3 seconds","int severe pain","hypomotile","none",NA,">1 liter",2,"normal","distended small",67,10.2,"cloudy",1,"was euthanized",1,"Sm intestine","strangulation","N/A","hernia","none","none","N/A","n/a","none","simple","N/A","n/a"
"123","Non-Surgical","Adult",534579,38.7,40,28,"Warm","normal","normal pink","<3 seconds","int mild pain","hypermotile","none",NA,NA,NA,"normal",NA,39,62,"clear",1,"lived",2,"none","None","N/A","n/a","none","none","N/A","n/a","none","simple","N/A","n/a"
"124","Surgical","Adult",530360,38.2,64,24,"Normal","normal","pale pink","<3 seconds","int severe pain","absent","moderate","slight","none",1,"absent","distended small",45,7.5,"clear",2,"died",1,"lg colon","strangulation","N/A","volvulus/torsion","none","none","N/A","n/a","none","simple","N/A","n/a"
"125","Non-Surgical","Adult",529840,37.6,48,20,"Cool","normal","pale cyanotic","<3 seconds","alert no pain","hypermotile","moderate","slight","none",1,"normal","normal",37,5.5,NA,NA,"was euthanized",1,"Sm intestine","strangulation","N/A","volvulus/torsion","none","none","N/A","n/a","none","simple","N/A","n/a"
"126","Surgical","Adult",528461,38,42,68,"Cold","normal","normal pink","<3 seconds","int mild pain","hypomotile","slight","slight",">1 liter",2,"absent","distended small",41,7.6,NA,NA,"lived",1,"Sm intestine","strangulation","N/A","volvulus/torsion","none","none","N/A","n/a","none","simple","N/A","n/a"
"127","Surgical","Adult",530384,38.7,NA,NA,"Cool","normal","pale pink","<3 seconds","cont severe pain","absent","slight",NA,NA,NA,NA,NA,33,6.5,"cloudy",NA,"lived",1,"error31","simple","mechanical","n/a","none","none","N/A","n/a","none","simple","N/A","n/a"
"128","Surgical","Adult",5262541,37.4,50,32,"Cool","reduced",NA,"<3 seconds","int severe pain","absent","none","slight","none",1,"normal",NA,45,7.9,"cloudy",1,"lived",1,"Sm intestine","strangulation","N/A","hernia","none","none","N/A","n/a","none","simple","N/A","n/a"
"129","Surgical","Adult",535330,37.4,84,20,NA,NA,"pale pink","<3 seconds","depressed","hypomotile","moderate",NA,NA,NA,NA,NA,31,61,NA,1,"was euthanized",2,"Sm intestine","strangulation","N/A","hernia","none","none","N/A","n/a","none","simple","N/A","n/a"
"130","Surgical","Adult",527698,38.4,49,NA,NA,NA,"normal pink","<3 seconds",NA,NA,"none","slight","none",1,NA,NA,44,7.6,NA,NA,"lived",1,"Sm intestine","strangulation","N/A","intussuption","none","none","N/A","n/a","none","simple","N/A","n/a"
"131","Surgical","Adult",528964,37.8,30,12,NA,NA,NA,NA,NA,NA,NA,NA,NA,NA,NA,NA,NA,NA,NA,NA,"died",1,"Sm intestine","simple","mechanical","extrinsic","none","none","N/A","n/a","none","simple","N/A","n/a"
"132","Non-Surgical","Adult",530670,37.6,88,36,"Cool","normal","normal pink","<3 seconds","int mild pain","hypomotile","slight","none","<1 liter",3,NA,NA,44,6,NA,NA,"died",1,"gastric","other","N/A","n/a","none","none","N/A","n/a","none","simple","N/A","n/a"
"133",NA,"Adult",534572,38,48,20,"Cool","normal","pale pink","<3 seconds","int severe pain","hypomotile","none","slight","none",1,"decreased","distended large",43,73,"cloudy",1,NA,1,"lg colon","simple","mechanical","obturation","none","none","N/A","n/a","none","simple","N/A","n/a"
"134","Non-Surgical","Adult",530294,37.9,40,24,"Normal","normal","normal pink","<3 seconds","depressed","hypomotile","none",NA,NA,NA,NA,"firm feces",40,5.7,NA,NA,"lived",1,"none","other","N/A","n/a","none","none","N/A","n/a","none","simple","N/A","n/a"
"135","Surgical","Adult",527524,NA,100,NA,"Cool",NA,"pale cyanotic",">3 seconds","cont severe pain","absent",NA,"slight",NA,NA,"increased",NA,59,6.3,NA,NA,"died",1,"lg colon and cecum","strangulation","N/A","volvulus/torsion","none","none","N/A","n/a","none","simple","N/A","n/a"
"136","Surgical","Young",5287179,38.1,136,48,"Cool","reduced","pale pink","<3 seconds","cont severe pain","hypermotile","moderate","slight",">1 liter",2,"increased",NA,33,4.9,"cloudy",2.9,"died",1,"Sm intestine","strangulation","N/A","volvulus/torsion","none","none","N/A","n/a","none","simple","N/A","n/a"
"137","Surgical","Adult",530693,NA,NA,NA,"Cool","reduced","pale pink",">3 seconds","cont severe pain","hypomotile","moderate","significant",">1 liter",2,"absent","distended large",46,5.9,NA,NA,"died",1,"lg colon","None","Paralytic","volvulus/torsion","none","none","N/A","n/a","none","simple","N/A","n/a"
"138","Surgical","Adult",534324,38,48,NA,"Normal","normal","normal pink","<3 seconds","alert no pain","normal","severe","slight",">1 liter",2,"absent","distended large",NA,NA,NA,NA,"lived",1,"lg colon","simple","mechanical","obturation","none","none","N/A","n/a","none","simple","N/A","n/a"
"139","Non-Surgical","Adult",532349,38,56,NA,"Normal","increased","pale pink","<3 seconds","alert no pain","hypermotile","none","none","none",1,"normal","normal",42,71,NA,NA,"lived",2,"none","None","N/A","n/a","none","none","N/A","n/a","none","simple","N/A","n/a"
"140","Non-Surgical","Adult",534491,38,60,32,"Normal","normal",NA,"<3 seconds","int mild pain","hypomotile",NA,"none","none",1,NA,NA,50,7,"clear",1,"lived",2,"none","None","N/A","n/a","none","none","N/A","n/a","none","simple","N/A","n/a"
"141","Surgical","Adult",529960,38.1,44,9,"Cool","normal","normal pink","<3 seconds","depressed","normal","none","none","none",1,"absent","distended large",31,7.3,NA,NA,"lived",2,"cecum","simple","Paralytic","adynamic","none","none","N/A","n/a","none","simple","N/A","n/a"
"142","Non-Surgical","Adult",522979,36,42,30,NA,NA,"bright red","<3 seconds",NA,NA,NA,NA,NA,NA,NA,NA,64,6.8,NA,NA,"died",2,"gastric","other","N/A","n/a","none","none","N/A","n/a","none","simple","N/A","n/a"
"143","Surgical","Adult",530402,NA,120,NA,"Cold","reduced","dark cyanotic",">3 seconds","cont severe pain","absent","severe",NA,NA,NA,"absent","distended large",57,4.5,"serosanguinous",3.9,"died",1,"lg colon","strangulation","N/A","volvulus/torsion","none","none","N/A","n/a","none","simple","N/A","n/a"
"144","Surgical","Adult",529424,37.8,48,28,"Normal","normal","normal pink",">3 seconds","alert no pain","normal","none","slight",NA,NA,"normal","normal",46,5.9,"cloudy",7,"lived",2,"none","None","N/A","n/a","none","none","N/A","n/a","none","simple","N/A","n/a"
"145","Surgical","Adult",534519,37.1,84,40,"Cool","reduced","dark cyanotic","<3 seconds","depressed","absent","severe","significant",">1 liter",2,"absent","distended large",75,81,NA,NA,"was euthanized",2,"gastric","other","N/A","n/a","none","none","N/A","n/a","none","simple","N/A","n/a"
"146","Non-Surgical","Adult",535246,NA,80,32,"Cool","reduced","bright pink","<3 seconds","depressed","hypomotile","moderate","slight","none",1,"decreased",NA,50,80,NA,NA,"lived",1,"none","None","N/A","n/a","none","none","N/A","n/a","none","simple","N/A","n/a"
"147","Surgical","Adult",534115,38.2,48,NA,"Normal","reduced","pale pink","<3 seconds","int mild pain","absent","severe","none","<1 liter",3,"absent","distended large",42,71,NA,NA,"lived",1,"lg colon","simple","mechanical","obturation","none","none","N/A","n/a","none","simple","N/A","n/a"
"148","Non-Surgical","Adult",530001,38,44,12,"Warm","normal","pale pink","<3 seconds","int mild pain","absent","moderate","none",">1 liter",2,"normal","distended small",33,6.5,NA,NA,"died",1,"Sm intestine","strangulation","N/A","lipoma/slenic incarceration","none","none","N/A","n/a","none","simple","N/A","n/a"
"149","Surgical","Adult",529272,38.3,132,NA,NA,"reduced","dark cyanotic",">3 seconds","depressed","absent","slight","slight","<1 liter",3,"absent","distended small",57,8,NA,5.2,"lived",1,"Sm intestine","simple","mechanical","intrinsic","none","none","N/A","n/a","none","simple","N/A","n/a"
"150","Non-Surgical","Adult",535314,38.7,48,24,NA,NA,NA,NA,"alert no pain","hypermotile",NA,"none","none",1,"normal",NA,34,63,NA,NA,"lived",2,"none","None","N/A","n/a","none","none","N/A","n/a","none","simple","N/A","n/a"
"151","Non-Surgical","Adult",533793,38.9,44,14,"Cool","normal","normal pink","<3 seconds","depressed","hypomotile","slight",NA,NA,NA,NA,"other",33,64,NA,NA,"lived",2,"none","None","N/A","n/a","none","none","N/A","n/a","none","simple","N/A","n/a"
"152","Surgical","Adult",529399,39.3,NA,NA,"Cold","reduced","dark cyanotic",">3 seconds","int severe pain","absent","slight","none","<1 liter",3,"absent","distended small",75,NA,"serosanguinous",4.3,"died",1,"Sm intestine","strangulation","N/A","thromboemboic","none","none","N/A","n/a","none","simple","N/A","n/a"
"153","Surgical","Adult",533836,NA,100,NA,"Cool","reduced","pale cyanotic",">3 seconds",NA,"absent","severe","slight","none",1,NA,NA,68,64,"serosanguinous",2,"lived",1,"Sm intestine","strangulation","N/A","lipoma/slenic incarceration","none","none","N/A","n/a","none","simple","N/A","n/a"
"154","Non-Surgical","Adult",528804,38.6,48,20,"Cool","normal","normal pink","<3 seconds","alert no pain","hypomotile","slight","slight","none",1,"decreased","other",50,7.3,"clear",NA,"lived",2,"lg colon","simple","mechanical","obturation","none","none","N/A","n/a","none","simple","N/A","n/a"
"155","Non-Surgical","Adult",535163,38.8,48,40,"Normal","normal","pale pink","<3 seconds","int mild pain","hypomotile","severe","slight",NA,NA,NA,"distended large",41,65,NA,NA,"lived",1,"lg colon and cecum","simple","Paralytic","adynamic","none","none","N/A","n/a","none","simple","N/A","n/a"
"156","Non-Surgical","Adult",528247,38,48,20,"Cool","reduced","pale cyanotic","<3 seconds","alert no pain","absent","slight","slight",NA,NA,NA,"other",49,8.3,"clear",NA,"lived",2,"none","other","N/A","n/a","none","none","N/A","n/a","none","simple","N/A","n/a"
"157","Non-Surgical","Adult",528996,38.6,52,20,"Normal","normal","normal pink","<3 seconds","int mild pain","hypomotile","slight","none","none",1,"normal","firm feces",36,6.6,"clear",5,"lived",2,"none","None","N/A","n/a","none","none","N/A","n/a","none","simple","N/A","n/a"
"158","Surgical","Adult",533928,37.8,60,24,"Normal",NA,"pale pink",">3 seconds",NA,"absent","severe","slight","<1 liter",3,NA,"distended large",52,75,NA,NA,"was euthanized",1,"Sm intestine","strangulation","N/A","volvulus/torsion","none","none","N/A","n/a","none","simple","N/A","n/a"
"159","Non-Surgical","Adult",528248,38,42,40,"Cool","normal","normal pink","<3 seconds","int mild pain","hypomotile","none",NA,NA,NA,NA,NA,NA,NA,NA,NA,"lived",2,"lg colon","simple","mechanical","obturation","none","none","N/A","n/a","none","simple","N/A","n/a"
"160","Non-Surgical","Adult",528134,NA,NA,12,"Normal","normal","bright pink","<3 seconds","depressed","hypermotile","slight","significant","none",1,"normal","firm feces",44,7.5,"cloudy",NA,"lived",2,"none","None","N/A","n/a","none","none","N/A","n/a","none","simple","N/A","n/a"
"161","Surgical","Adult",527916,NA,NA,NA,NA,NA,NA,NA,"int severe pain",NA,NA,"none","none",1,NA,"distended large",35,58,"cloudy",1,"lived",1,"lg colon and cecum","strangulation","N/A","volvulus/torsion","none","none","N/A","n/a","none","simple","N/A","n/a"
"162","Surgical","Adult",530431,38.3,42,24,NA,NA,NA,"<3 seconds",NA,NA,NA,NA,NA,NA,NA,NA,40,8.5,NA,NA,"died",1,"retum/descending colon","simple","mechanical","extrinsic","none","none","N/A","n/a","none","simple","N/A","n/a"
"163","Non-Surgical","Adult",535176,39.5,60,10,"Cool",NA,NA,">3 seconds","int mild pain","hypomotile","slight","slight","none",1,"decreased",NA,38,56,"clear",NA,"lived",2,"none","None","N/A","n/a","none","none","N/A","n/a","none","simple","N/A","n/a"
"164","Surgical","Adult",533942,38,66,20,"Normal","reduced","pale pink","<3 seconds","cont severe pain","hypomotile","none","none","none",1,"decreased",NA,46,46,"serosanguinous",2,"was euthanized",1,"transverse colon","strangulation","N/A","lipoma/slenic incarceration","none","none","N/A","n/a","none","simple","N/A","n/a"
"165","Surgical","Adult",528523,38.7,76,NA,"Normal","normal","bright red",">3 seconds","int mild pain","hypomotile","slight","slight",">1 liter",2,"absent","distended small",50,8,NA,NA,"lived",1,"Sm intestine","strangulation","N/A","hernia","none","none","N/A","n/a","none","simple","N/A","n/a"
"166","Surgical","Adult",534925,39.4,120,48,NA,NA,"bright red","<3 seconds",NA,"hypomotile","moderate","none",NA,NA,"absent",NA,56,64,"clear",2,"was euthanized",2,"gastric","other","N/A","n/a","none","none","N/A","n/a","none","simple","N/A","n/a"
"167","Surgical","Adult",527916,38.3,40,18,"Normal","normal","normal pink","<3 seconds","int mild pain","hypermotile","none",NA,NA,NA,"increased","normal",43,5.9,"clear",NA,"lived",2,"none","None","N/A","n/a","none","none","N/A","n/a","none","simple","N/A","n/a"
"168","Non-Surgical","Adult",528299,NA,44,24,"Normal","normal","normal pink","<3 seconds","int mild pain","hypomotile","none","slight","none",1,NA,"normal",NA,6.3,NA,NA,"lived",2,"lg colon","simple","mechanical","obturation","none","none","N/A","n/a","none","simple","N/A","n/a"
"169","Surgical","Adult",530254,38.4,104,40,"Normal","normal","pale pink","<3 seconds","depressed","absent","slight","slight","<1 liter",3,NA,"distended small",55,8.5,NA,NA,"lived",1,"Sm intestine","simple","Paralytic","adynamic","none","none","N/A","n/a","none","simple","N/A","n/a"
"170","Surgical","Adult",535085,NA,65,24,NA,NA,NA,">3 seconds","cont severe pain",NA,"severe","significant","none",1,NA,"distended large",NA,NA,NA,NA,"was euthanized",1,"lg colon","strangulation","N/A","volvulus/torsion","none","none","N/A","n/a","none","simple","N/A","n/a"
"171","Non-Surgical","Adult",532985,37.5,44,20,"Normal","normal","pale pink","<3 seconds",NA,"hypermotile","none",NA,NA,NA,"normal",NA,35,7.2,NA,NA,"lived",2,"none","None","N/A","n/a","none","none","N/A","n/a","none","simple","N/A","n/a"
"172","Non-Surgical","Adult",527677,39,86,16,"Cool","reduced","bright red",NA,"int mild pain","hypomotile","moderate",NA,">1 liter",2,NA,NA,68,5.8,"serosanguinous",6,"died",1,"cecum","other","N/A","n/a","none","none","N/A","n/a","none","simple","N/A","n/a"
"173","Surgical","Adult",535292,38.5,129,48,"Cool","reduced","pale pink","<3 seconds","depressed","absent","moderate","none","<1 liter",3,NA,NA,57,66,"serosanguinous",2,"lived",1,"Sm intestine","strangulation","N/A","intussuption","none","none","N/A","n/a","none","simple","N/A","n/a"
"174","Surgical","Adult",529729,NA,104,NA,"Cool","reduced","bright red",">3 seconds","depressed","absent","moderate",NA,"<1 liter",3,"absent","distended small",69,8.6,"cloudy",3.4,"died",1,"Sm intestine","strangulation","N/A","thromboemboic","none","none","N/A","n/a","none","simple","N/A","n/a"
"175","Non-Surgical","Adult",518476,NA,NA,NA,"Cool","absent","dark cyanotic",NA,"int severe pain",NA,"severe",NA,NA,NA,NA,NA,NA,NA,NA,NA,"died",1,"lg colon","other","N/A","n/a","none","none","N/A","n/a","none","simple","N/A","n/a"
"176","Surgical","Adult",527929,NA,NA,NA,NA,NA,NA,NA,NA,NA,NA,NA,NA,NA,NA,NA,NA,NA,NA,NA,"lived",1,"Sm intestine","strangulation","N/A","hernia","none","none","N/A","n/a","none","simple","N/A","n/a"
"177","Surgical","Adult",535130,38.2,60,30,"Normal","normal","pale pink","<3 seconds","int mild pain","hypomotile","none","slight","none",1,"decreased","other",48,66,NA,NA,"lived",1,"transverse colon","simple","mechanical","intrinsic","none","none","N/A","n/a","none","simple","N/A","n/a"
"178","Surgical","Adult",523190,NA,68,14,NA,NA,"pale cyanotic","<3 seconds","int severe pain",NA,NA,NA,"none",1,NA,NA,NA,NA,"cloudy",2.8,"died",1,"lg colon and cecum","strangulation","N/A","volvulus/torsion","none","none","N/A","n/a","none","simple","N/A","n/a"
"179","Surgical","Adult",533968,NA,60,30,"Cool","reduced","pale cyanotic",">3 seconds","cont severe pain","absent","severe","none","none",1,"absent",NA,45,70,"serosanguinous",2,"lived",1,"transverse colon","simple","mechanical","obturation","lg colon","simple","mechanical","obturation","none","simple","N/A","n/a"
"180","Non-Surgical","Adult",528151,38.5,100,NA,"Cool","reduced","bright red",">3 seconds","int severe pain","hypomotile","severe","slight","none",1,"absent","distended large",NA,NA,NA,NA,"was euthanized",2,"gastric","simple","mechanical","obturation","none","none","N/A","n/a","none","simple","N/A","n/a"
"181","Surgical","Adult",530239,38.4,84,30,"Cool","normal","bright red",">3 seconds","int severe pain","hypomotile","moderate","slight","<1 liter",3,"absent","distended small",47,7.5,"serosanguinous",NA,"died",1,"Sm intestine","inflammation","N/A","n/a","none","none","N/A","n/a","none","simple","N/A","n/a"
"182","Non-Surgical","Adult",528305,37.8,48,14,NA,NA,"normal pink","<3 seconds","int mild pain",NA,"slight","none","<1 liter",3,"normal",NA,35,7.5,NA,NA,"lived",2,"lg colon","simple","mechanical","obturation","none","none","N/A","n/a","none","simple","N/A","n/a"
"183","Surgical","Adult",5279822,38,NA,24,"Cool","reduced","dark cyanotic",">3 seconds","cont severe pain",NA,"severe","none","none",1,NA,NA,68,7.8,NA,NA,"died",1,"Sm intestine","strangulation","N/A","volvulus/torsion","none","none","N/A","n/a","none","simple","N/A","n/a"
"184","Non-Surgical","Adult",534857,37.8,56,16,"Normal","normal","bright pink","<3 seconds","depressed","hypermotile","none","slight","none",1,"normal",NA,44,68,"clear",1,"lived",2,"none","None","N/A","n/a","none","none","N/A","n/a","none","simple","N/A","n/a"
"185","Non-Surgical","Adult",534053,38.2,68,32,"Warm","increased","bright pink","<3 seconds","alert no pain","hypermotile","none","significant","none",1,"normal","normal",43,65,NA,NA,"lived",2,"none","None","N/A","n/a","none","none","N/A","n/a","none","simple","N/A","n/a"
"186","Surgical","Adult",534833,38.5,120,60,"Cold","reduced","dark cyanotic",">3 seconds",NA,"hypomotile",NA,NA,NA,NA,NA,NA,54,NA,NA,NA,"lived",1,"cecum","other","N/A","n/a","none","none","N/A","n/a","none","simple","N/A","n/a"
"187","Surgical","Adult",5278331,39.3,64,90,"Warm","reduced","normal pink","<3 seconds",NA,"hypomotile","none","none",">1 liter",2,NA,NA,39,6.7,NA,NA,"lived",1,"error21","simple","mechanical","n/a","none","none","N/A","n/a","none","simple","N/A","n/a"
"188","Surgical","Adult",527365,38.4,80,30,"Cold","reduced","normal pink","<3 seconds","int mild pain","hypomotile","moderate","significant","<1 liter",3,"absent","distended large",32,6.1,"serosanguinous",4.3,"lived",1,"retum/descending colon","strangulation","N/A","lipoma/slenic incarceration","none","none","N/A","n/a","none","simple","N/A","n/a"
"189","Surgical","Adult",533887,38.5,60,NA,"Normal","normal",NA,"<3 seconds",NA,"hypermotile","none",NA,NA,NA,NA,NA,33,53,"clear",NA,"lived",1,"lg colon and cecum","simple","mechanical","obturation","none","none","N/A","n/a","none","simple","N/A","n/a"
"190","Surgical","Adult",5299603,38.3,60,16,"Cool","normal","normal pink","<3 seconds","depressed","hypermotile","none","slight",">1 liter",2,"normal","distended small",30,6,"clear",3,"lived",1,"error31","simple","mechanical","n/a","none","none","N/A","n/a","none","simple","N/A","n/a"
"191","Surgical","Adult",528742,37.1,40,8,NA,"normal","pale cyanotic","<3 seconds","int mild pain","hypomotile","none","none","none",1,"decreased","firm feces",23,6.7,"serosanguinous",NA,"lived",1,"lg colon","simple","Error3","extrinsic","none","none","N/A","n/a","none","simple","N/A","n/a"
"192","Non-Surgical","Young",5287279,NA,100,44,"Warm","normal","normal pink","<3 seconds","int severe pain","hypermotile","none",NA,NA,NA,"normal",NA,37,4.7,NA,NA,"lived",2,"retum/descending colon","simple","mechanical","obturation","none","none","N/A","n/a","none","simple","N/A","n/a"
"193","Surgical","Adult",534788,38.2,48,18,"Normal","normal","normal pink","<3 seconds","int mild pain","hypomotile","moderate","none",">1 liter",2,"absent",NA,48,74,"clear",2,"lived",1,"cecum","simple","mechanical","obturation","none","none","N/A","n/a","none","simple","N/A","n/a"
"194","Surgical","Adult",529373,NA,60,48,"Cool","reduced","pale cyanotic",">3 seconds","int severe pain","hypomotile","severe",NA,NA,NA,NA,NA,58,7.6,NA,NA,"died",1,"lg colon","strangulation","N/A","volvulus/torsion","none","none","N/A","n/a","none","simple","N/A","n/a"
"195","Non-Surgical","Adult",534163,37.9,88,24,"Normal","normal","bright pink","<3 seconds","depressed","normal","none",NA,NA,NA,"absent","normal",37,56,NA,NA,"lived",2,"none","None","N/A","n/a","none","none","N/A","n/a","none","simple","N/A","n/a"
"196","Non-Surgical","Adult",533697,38,44,12,"Cool","normal","normal pink",NA,NA,"hypermotile","slight",NA,NA,NA,"normal",NA,42,64,NA,NA,"lived",2,"none","None","N/A","n/a","none","none","N/A","n/a","none","simple","N/A","n/a"
"197","Non-Surgical","Adult",529628,38.5,60,20,"Normal","normal","bright red",">3 seconds","depressed","normal","none","slight","none",1,"increased","firm feces",63,7.5,"cloudy",2.3,"was euthanized",2,"none","inflammation","N/A","n/a","none","none","N/A","n/a","none","simple","N/A","n/a"
"198","Non-Surgical","Adult",521399,38.5,96,36,"Cool","reduced",NA,">3 seconds","depressed","absent","slight","none",">1 liter",2,"absent","distended large",70,8.5,NA,NA,"died",1,"gastric","other","N/A","n/a","none","none","N/A","n/a","none","simple","N/A","n/a"
"199","Non-Surgical","Adult",533885,38.3,60,20,"Normal","normal","normal pink",">3 seconds","alert no pain","hypomotile","none",NA,NA,NA,"decreased",NA,34,66,NA,NA,"lived",2,"none","None","N/A","n/a","none","none","N/A","n/a","none","simple","N/A","n/a"
"200","Non-Surgical","Adult",534157,38.5,60,40,"Cool","normal","bright pink","<3 seconds","depressed","hypermotile","slight",NA,NA,NA,"decreased","other",49,59,NA,NA,"lived",2,"none","None","N/A","n/a","none","none","N/A","n/a","none","simple","N/A","n/a"
"201","Surgical","Adult",528047,37.3,48,12,"Normal",NA,"pale pink","<3 seconds","int mild pain","hypermotile","moderate","slight","none",1,"decreased","firm feces",40,6.6,"cloudy",NA,"lived",1,"lg colon","strangulation","N/A","volvulus/torsion","none","none","N/A","n/a","none","simple","N/A","n/a"
"202","Surgical","Adult",528641,38.5,86,NA,"Normal","normal","pale pink","<3 seconds","int severe pain","absent","moderate","slight","none",1,"decreased","distended large",45,7.4,"clear",3.4,"died",1,"lg colon","strangulation","N/A","lipoma/slenic incarceration","none","none","N/A","n/a","none","simple","N/A","n/a"
"203","Surgical","Adult",534073,37.5,48,40,NA,NA,NA,NA,NA,NA,NA,"none","none",1,NA,"distended large",41,55,"serosanguinous",2,"was euthanized",1,"Sm intestine","strangulation","N/A","hernia","none","none","N/A","n/a","none","simple","N/A","n/a"
"204","Non-Surgical","Adult",529685,37.2,36,9,"Normal","normal","normal pink","<3 seconds","depressed","hypomotile","none","slight","none",1,"absent","normal",35,5.7,NA,NA,"lived",2,"error31","simple","mechanical","n/a","none","none","N/A","n/a","none","simple","N/A","n/a"
"205","Surgical","Adult",529528,39.2,NA,23,"Cool","normal","pale pink","<3 seconds","int severe pain","absent","slight","slight",NA,NA,NA,NA,36,6.6,"clear",3,"lived",1,"lg colon","simple","mechanical","volvulus/torsion","none","none","N/A","n/a","none","simple","N/A","n/a"
"206","Non-Surgical","Adult",528151,38.5,100,NA,"Cool","reduced","bright red",">3 seconds","int severe pain","hypomotile","severe","slight","none",1,"absent","distended large",NA,NA,NA,NA,"was euthanized",2,"lg colon and cecum","simple","Paralytic","adynamic","none","none","N/A","n/a","none","simple","N/A","n/a"
"207","Surgical","Adult",535137,38.5,96,30,"Warm","reduced","pale cyanotic",">3 seconds","int severe pain","absent","moderate","slight","none",1,"decreased","distended large",50,65,NA,NA,"lived",1,"transverse colon","simple","mechanical","obturation","lg colon","simple","mechanical","intrinsic","none","simple","N/A","n/a"
"208","Surgical","Adult",530297,NA,NA,NA,NA,NA,NA,NA,NA,NA,NA,NA,NA,NA,NA,NA,45,8.7,NA,NA,"died",1,"Sm intestine","strangulation","N/A","hernia","none","none","N/A","n/a","none","simple","N/A","n/a"
"209","Surgical","Adult",535338,37.8,88,80,"Cool","reduced","bright red",">3 seconds",NA,"hypomotile","moderate","slight","<1 liter",3,"absent","distended large",64,89,NA,NA,"was euthanized",1,"lg colon","strangulation","N/A","volvulus/torsion","none","none","N/A","n/a","none","simple","N/A","n/a"
"210","Non-Surgical","Adult",534478,37.5,44,10,"Cool","normal","normal pink","<3 seconds","int mild pain","hypermotile","slight","slight",NA,NA,"decreased","firm feces",43,51,"clear",1,"lived",2,"none","None","N/A","n/a","none","none","N/A","n/a","none","simple","N/A","n/a"
"211","Surgical","Adult",530401,37.9,68,20,NA,"normal","bright pink","<3 seconds","depressed","absent","slight",NA,NA,NA,"normal","distended large",45,4,"serosanguinous",2.8,"died",1,"cecum","other","N/A","n/a","none","none","N/A","n/a","none","simple","N/A","n/a"
"212","Surgical","Adult",529893,38,86,24,"Cold","reduced","pale cyanotic","<3 seconds","depressed","absent","severe","none","none",1,"absent","distended large",45,5.5,"clear",10.1,"died",1,"lg colon","simple","mechanical","obturation","none","none","N/A","n/a","none","simple","N/A","n/a"
"213","Surgical","Young",5294369,38.9,120,30,"Normal","reduced","bright pink",">3 seconds","int mild pain","hypomotile","moderate","significant","none",1,NA,NA,47,6.3,"clear",NA,"lived",2,"Sm intestine","simple","Paralytic","adynamic","none","none","N/A","n/a","none","simple","N/A","n/a"
"214","Surgical","Adult",528183,37.6,45,12,"Cool","normal","pale pink","<3 seconds",NA,"normal","slight","slight","none",1,"normal","distended small",39,7,"cloudy",1.5,"lived",1,"Sm intestine","simple","mechanical","intrinsic","none","none","N/A","n/a","none","simple","N/A","n/a"
"215","Non-Surgical","Adult",529183,38.6,56,32,"Warm","normal","normal pink","<3 seconds","alert no pain","hypermotile","none","slight",NA,NA,"increased",NA,40,7,"cloudy",2.1,"lived",2,"none","None","N/A","n/a","none","none","N/A","n/a","none","simple","N/A","n/a"
"216","Surgical","Adult",529135,37.8,40,12,"Normal","normal","normal pink","<3 seconds","alert no pain","normal","none","slight","none",1,"normal","other",38,7,NA,NA,"lived",1,"lg colon","simple","mechanical","obturation","none","none","N/A","n/a","none","simple","N/A","n/a"
"217","Non-Surgical","Adult",528977,NA,NA,NA,NA,NA,NA,NA,NA,NA,NA,NA,NA,NA,NA,NA,NA,NA,NA,NA,"lived",2,"none","None","N/A","n/a","none","none","N/A","n/a","none","simple","N/A","n/a"
"218","Surgical","Adult",5279441,38,76,18,NA,NA,NA,">3 seconds",NA,NA,NA,NA,NA,NA,NA,NA,71,11,NA,NA,"lived",1,"Sm intestine","strangulation","N/A","lipoma/slenic incarceration","none","none","N/A","n/a","none","simple","N/A","n/a"
"219","Surgical","Adult",535240,38.1,40,36,"Normal","increased","bright pink","<3 seconds","depressed","normal",NA,NA,NA,NA,NA,NA,NA,NA,NA,NA,"was euthanized",1,"lg colon","simple","mechanical","intrinsic","none","none","N/A","n/a","none","simple","N/A","n/a"
"220","Surgical","Adult",529736,NA,52,28,"Cool","reduced","pale cyanotic","<3 seconds","int mild pain","absent","moderate","slight","none",1,"absent","distended small",37,8.1,NA,NA,"lived",1,"Sm intestine","simple","mechanical","obturation","none","none","N/A","n/a","none","simple","N/A","n/a"
"221","Surgical","Adult",535029,39.2,88,58,"Cold","absent",NA,">3 seconds","cont severe pain","absent",NA,NA,NA,NA,NA,NA,NA,NA,"cloudy",2,"was euthanized",2,"lg colon","strangulation","N/A","volvulus/torsion","none","none","N/A","n/a","none","simple","N/A","n/a"
"222","Surgical","Adult",535031,38.5,92,40,"Cold","reduced",NA,"<3 seconds","depressed","absent","moderate",NA,NA,NA,"absent",NA,46,67,"cloudy",2,"lived",1,"Sm intestine","strangulation","N/A","hernia","none","none","N/A","n/a","none","simple","N/A","n/a"
"223","Surgical","Adult",528800,NA,112,13,"Cold","absent","pale cyanotic","<3 seconds","depressed","hypomotile","none","slight","none",1,"absent","distended small",60,6.3,"serosanguinous",NA,"lived",1,"Sm intestine","strangulation","N/A","volvulus/torsion","none","none","N/A","n/a","none","simple","N/A","n/a"
"224","Surgical","Adult",528178,37.7,66,12,"Normal","normal","pale pink","<3 seconds","int mild pain","hypomotile","slight","slight",NA,NA,"absent","distended small",31.5,6.2,"cloudy",1.6,"lived",1,"Sm intestine","strangulation","N/A","hernia","none","none","N/A","n/a","none","simple","N/A","n/a"
"225","Surgical","Adult",535392,38.8,50,14,"Normal","normal","normal pink","<3 seconds","int mild pain","hypermotile","none","none","none",1,"decreased","distended large",38,58,NA,NA,"lived",1,"lg colon","simple","mechanical","obturation","none","none","N/A","n/a","none","simple","N/A","n/a"
"226","Non-Surgical","Adult",528931,38.4,54,24,"Normal","normal","normal pink","<3 seconds","alert no pain","hypomotile","none","slight","none",1,"decreased","other",49,7.2,"clear",8,"lived",2,"lg colon","simple","mechanical","obturation","none","none","N/A","n/a","none","simple","N/A","n/a"
"227","Surgical","Adult",528503,39.2,120,20,"Cold","reduced","bright red",">3 seconds","depressed","hypomotile","moderate","none","<1 liter",3,NA,"distended small",60,8.8,"serosanguinous",NA,"died",1,"Sm intestine","strangulation","N/A","volvulus/torsion","none","none","N/A","n/a","none","simple","N/A","n/a"
"228","Surgical","Young",5289419,NA,NA,NA,NA,NA,NA,NA,NA,NA,NA,NA,NA,NA,NA,NA,45,6.5,"cloudy",NA,"lived",1,"bladder","None","N/A","n/a","none","none","N/A","n/a","none","simple","N/A","n/a"
"229","Surgical","Adult",535196,37.3,90,40,"Cool",NA,"dark cyanotic",">3 seconds","cont severe pain","absent","moderate","slight",">1 liter",2,"normal","distended large",65,50,"serosanguinous",2,"was euthanized",1,"lg colon","strangulation","N/A","volvulus/torsion","none","none","N/A","n/a","none","simple","N/A","n/a"
"230","Surgical","Young",534597,38.5,120,70,NA,NA,NA,NA,NA,"hypermotile",NA,"slight",NA,NA,"normal",NA,35,54,"clear",1,"lived",1,"lg colon and cecum","strangulation","N/A","volvulus/torsion","lg colon","simple","mechanical","obturation","Sm intestine","inflammation","N/A","lipoma/slenic incarceration"
"231","Surgical","Adult",534280,38.5,104,40,"Cool","reduced",NA,"<3 seconds","int severe pain","hypomotile","severe",NA,NA,NA,NA,NA,NA,NA,NA,NA,"lived",1,"Sm intestine","simple","Paralytic","adynamic","none","none","N/A","n/a","none","simple","N/A","n/a"
"232","Non-Surgical","Adult",530028,39.5,92,28,"Cool","reduced","dark cyanotic","<3 seconds","cont severe pain","absent","none",NA,"<1 liter",3,"absent",NA,72,6.4,NA,3.6,"died",2,"lg colon","inflammation","N/A","n/a","none","none","N/A","n/a","none","simple","N/A","n/a"
"233","Surgical","Adult",5262543,38.5,30,18,NA,NA,NA,NA,NA,NA,NA,NA,NA,NA,NA,NA,40,7.7,NA,NA,"lived",1,"Sm intestine","simple","mechanical","extrinsic","none","none","N/A","n/a","none","simple","N/A","n/a"
"234","Surgical","Adult",530526,38.3,72,30,"Cold","reduced","pale pink",">3 seconds","int mild pain","hypomotile","moderate","slight","none",1,"decreased","distended large",43,7,"cloudy",3.9,"lived",1,"lg colon","simple","mechanical","extrinsic","none","none","N/A","n/a","none","simple","N/A","n/a"
"235","Non-Surgical","Adult",528729,37.5,48,30,"Cold","normal","pale pink","<3 seconds",NA,"normal","none","none","none",1,"normal","normal",48,8.6,NA,NA,"lived",2,"none","other","N/A","n/a","none","none","N/A","n/a","none","simple","N/A","n/a"
"236","Surgical","Adult",528469,38.1,52,24,"Normal","normal","bright red","<3 seconds","int severe pain","hypomotile","none","slight","<1 liter",3,"normal",NA,54,7.5,"cloudy",2.6,"died",1,"Sm intestine","strangulation","N/A","intussuption","none","none","N/A","n/a","none","simple","N/A","n/a"
"237","Non-Surgical","Adult",528179,38.2,42,26,"Normal","normal","normal pink","<3 seconds","int mild pain","hypermotile","slight",NA,NA,NA,"normal",NA,36,6.9,NA,NA,"lived",2,"lg colon","simple","mechanical","obturation","none","none","N/A","n/a","none","simple","N/A","n/a"
"238","Non-Surgical","Adult",533750,37.9,54,42,"Warm","normal","bright red","<3 seconds","int mild pain","hypermotile","none",NA,"none",1,NA,"other",47,54,"serosanguinous",1,"lived",2,"none","None","N/A","n/a","none","none","N/A","n/a","none","simple","N/A","n/a"
"239","Non-Surgical","Adult",528702,36.1,88,NA,"Cool","reduced","pale pink","<3 seconds","int mild pain","hypomotile","slight","slight","<1 liter",3,NA,"distended small",45,7,"serosanguinous",4.8,"was euthanized",1,"Sm intestine","strangulation","N/A","lipoma/slenic incarceration","none","none","N/A","n/a","none","simple","N/A","n/a"
"240","Surgical","Adult",534183,38.1,70,22,NA,"normal",NA,"<3 seconds","cont severe pain","hypomotile",NA,NA,NA,NA,NA,"distended large",36,65,NA,NA,"was euthanized",1,"lg colon","strangulation","N/A","volvulus/torsion","none","none","N/A","n/a","none","simple","N/A","n/a"
"241","Surgical","Adult",529160,38,90,30,"Cold","reduced","pale cyanotic",">3 seconds","cont severe pain","absent","severe",NA,NA,NA,"absent","distended large",55,6.1,NA,NA,"died",1,"lg colon","strangulation","N/A","volvulus/torsion","none","none","N/A","n/a","none","simple","N/A","n/a"
"242","Surgical","Adult",529045,38.2,52,16,"Normal","normal","bright pink","<3 seconds","alert no pain","normal","none","none","none",1,"normal",NA,43,8.1,NA,NA,"lived",2,"none","None","N/A","n/a","none","none","N/A","n/a","none","simple","N/A","n/a"
"243","Surgical","Adult",530354,NA,36,32,"Normal","normal","pale cyanotic","<3 seconds","cont severe pain","hypomotile","moderate","slight","<1 liter",3,NA,"distended small",41,5.9,NA,NA,"died",1,"Sm intestine","strangulation","N/A","volvulus/torsion","none","none","N/A","n/a","none","simple","N/A","n/a"
"244","Surgical","Adult",5281091,38.4,92,20,"Normal",NA,NA,">3 seconds",NA,"hypomotile","moderate",NA,NA,NA,"normal",NA,NA,NA,NA,NA,"lived",1,"Sm intestine","strangulation","N/A","hernia","none","none","N/A","n/a","none","simple","N/A","n/a"
"245","Surgical","Young",5291409,38.2,124,88,"Normal","reduced","bright pink","<3 seconds","depressed","hypomotile","severe",NA,NA,NA,NA,NA,47,8,"clear",NA,"lived",1,"bladder","other","N/A","n/a","none","none","N/A","n/a","none","simple","N/A","n/a"
"246","Non-Surgical","Adult",528904,NA,96,NA,"Cool","reduced","pale pink",">3 seconds","cont severe pain","absent","severe",NA,"none",1,"absent","distended large",60,NA,NA,NA,"died",1,"error41","simple","mechanical","n/a","none","none","N/A","n/a","none","simple","N/A","n/a"
"247","Surgical","Adult",530366,37.6,68,32,"Cool",NA,"pale pink","<3 seconds","int severe pain","normal","severe","slight",">1 liter",2,"normal","distended large",47,7.2,"clear",NA,"lived",1,"lg colon","strangulation","N/A","lipoma/slenic incarceration","none","none","N/A","n/a","none","simple","N/A","n/a"
"248","Surgical","Adult",530170,38.1,88,24,"Cool","reduced","pale cyanotic","<3 seconds","cont severe pain","absent","moderate","slight","none",1,"decreased","distended small",41,4.6,NA,NA,"died",1,"Sm intestine","strangulation","N/A","lipoma/slenic incarceration","none","none","N/A","n/a","none","simple","N/A","n/a"
"249","Surgical","Adult",527709,38,108,60,"Warm","reduced","pale cyanotic","<3 seconds","int severe pain","hypomotile","moderate","slight",NA,NA,"decreased","distended small",NA,NA,"serosanguinous",NA,"lived",1,"Sm intestine","strangulation","N/A","volvulus/torsion","none","none","N/A","n/a","none","simple","N/A","n/a"
"250","Non-Surgical","Adult",528169,38.2,48,NA,"Warm",NA,"normal pink",">3 seconds","int mild pain","hypomotile","none","slight","none",1,NA,"other",34,6.6,NA,NA,"lived",2,"lg colon","simple","mechanical","obturation","none","none","N/A","n/a","none","simple","N/A","n/a"
"251","Surgical","Adult",535043,39.3,100,51,"Cold","absent","dark cyanotic","<3 seconds","depressed","absent","none","none","<1 liter",3,NA,"distended small",66,13,"serosanguinous",2,"was euthanized",1,"Sm intestine","simple","mechanical","extrinsic","none","none","N/A","n/a","none","simple","N/A","n/a"
"252","Non-Surgical","Adult",527940,36.6,42,18,"Cool","reduced","bright pink","<3 seconds","alert no pain","absent","none","none","none",1,NA,"distended large",52,7.1,NA,NA,"died",1,"cecum","simple","mechanical","obturation","none","none","N/A","n/a","none","simple","N/A","n/a"
"253","Surgical","Young",5291719,38.8,124,36,"Cool","normal","bright pink","<3 seconds","depressed","hypomotile","severe","none","none",1,"absent","distended small",50,7.6,"serosanguinous",NA,"died",1,"Sm intestine","strangulation","N/A","hernia","none","none","N/A","n/a","none","simple","N/A","n/a"
"254","Non-Surgical","Adult",530561,NA,112,24,"Cool","reduced","pale cyanotic",">3 seconds","cont severe pain","absent","slight",NA,NA,NA,"absent",NA,40,5.3,"serosanguinous",2.6,"lived",2,"none","other","N/A","n/a","none","none","N/A","n/a","none","simple","N/A","n/a"
"255","Surgical","Adult",533738,NA,80,NA,"Cool","reduced","pale pink","<3 seconds","int severe pain","absent","severe",NA,NA,NA,"absent","distended large",43,70,NA,NA,"lived",1,"lg colon","simple","mechanical","obturation","none","none","N/A","n/a","none","simple","N/A","n/a"
"256","Surgical","Young",5294539,38.8,184,84,"Normal",NA,"normal pink","<3 seconds","int severe pain","hypermotile","moderate",NA,NA,NA,"increased",NA,33,3.3,NA,NA,"died",1,"retum/descending colon","simple","mechanical","obturation","none","none","N/A","n/a","none","simple","N/A","n/a"
"257","Surgical","Adult",533871,37.5,72,NA,"Warm","normal","normal pink","<3 seconds","depressed","hypermotile","none","none","none",1,"normal",NA,35,65,"cloudy",2,"was euthanized",1,"retum/descending colon","strangulation","N/A","lipoma/slenic incarceration","none","none","N/A","n/a","none","simple","N/A","n/a"
"258","Surgical","Adult",529812,38.7,96,28,"Cool","reduced","pale cyanotic","<3 seconds",NA,"absent",NA,NA,"<1 liter",3,NA,NA,64,9,NA,NA,"died",1,"Sm intestine","strangulation","N/A","volvulus/torsion","none","none","N/A","n/a","none","simple","N/A","n/a"
"259","Non-Surgical","Adult",534719,37.5,52,12,"Normal","normal","normal pink","<3 seconds","depressed","hypomotile","slight","slight","none",1,"decreased","distended large",36,61,"clear",1,"lived",2,"none","None","N/A","n/a","none","none","N/A","n/a","none","simple","N/A","n/a"
"260","Surgical","Adult",527734,40.8,72,42,"Cool","reduced","normal pink","<3 seconds","depressed","hypomotile","none","slight","none",1,NA,NA,54,7.4,"serosanguinous",NA,"died",1,"all sites","other","N/A","n/a","none","none","N/A","n/a","none","simple","N/A","n/a"
"261","Non-Surgical","Adult",534933,38,40,25,NA,"normal","normal pink","<3 seconds","int severe pain","hypomotile","slight","none","none",1,"absent",NA,37,69,NA,NA,"lived",2,"none","None","N/A","n/a","none","none","N/A","n/a","none","simple","N/A","n/a"
"262","Non-Surgical","Adult",529296,38.4,48,16,"Warm","normal","normal pink","<3 seconds","alert no pain",NA,"slight","slight","none",1,NA,"other",39,6.5,NA,NA,"lived",2,"lg colon","simple","mechanical","obturation","none","none","N/A","n/a","none","simple","N/A","n/a"
"263","Non-Surgical","Young",5305629,38.6,88,28,NA,NA,NA,NA,NA,NA,NA,NA,NA,NA,NA,NA,35,5.9,NA,NA,"lived",2,"none","None","N/A","n/a","none","none","N/A","n/a","none","simple","N/A","n/a"
"264","Surgical","Adult",528743,37.1,75,36,NA,NA,"pale pink",">3 seconds","int severe pain","absent","slight","slight","<1 liter",3,"absent","distended small",48,7.4,"serosanguinous",3.2,"died",1,"error12","strangulation","N/A","hernia","none","none","N/A","n/a","none","simple","N/A","n/a"
"265","Surgical","Adult",530478,38.3,44,21,"Cool","normal","bright pink","<3 seconds","int mild pain","hypomotile","moderate","slight","none",1,"normal","distended large",44,6.5,"cloudy",4.4,"lived",1,"Sm intestine","strangulation","N/A","lipoma/slenic incarceration","none","none","N/A","n/a","none","simple","N/A","n/a"
"266","Non-Surgical","Adult",528590,NA,56,68,"Cool","normal","normal pink","<3 seconds","int mild pain","hypomotile","none","slight","none",1,"normal",NA,40,6,NA,NA,"was euthanized",1,"cecum","strangulation","N/A","intussuption","none","none","N/A","n/a","none","simple","N/A","n/a"
"267","Non-Surgical","Adult",529865,38.6,68,20,"Warm","normal","pale pink","<3 seconds","int mild pain","hypomotile","slight","none","none",1,"normal","distended large",38,6.5,"clear",NA,"lived",2,"cecum","simple","Paralytic","adynamic","none","none","N/A","n/a","none","simple","N/A","n/a"
"268","Non-Surgical","Adult",527829,38.3,54,18,"Cool","normal","bright pink","<3 seconds","depressed","hypomotile","slight",NA,"<1 liter",3,NA,"distended small",44,7.2,"serosanguinous",NA,"lived",2,"Sm intestine","simple","Paralytic","adynamic","none","none","N/A","n/a","none","simple","N/A","n/a"
"269","Surgical","Adult",534403,38.2,42,20,NA,NA,"normal pink","<3 seconds",NA,"hypomotile",NA,NA,NA,NA,"decreased",NA,47,60,NA,NA,"lived",2,"none","None","N/A","n/a","none","none","N/A","n/a","none","simple","N/A","n/a"
"270","Surgical","Adult",527883,39.3,64,90,"Warm","reduced","normal pink","<3 seconds",NA,"hypomotile","none","none",">1 liter",2,"normal","distended large",39,6.7,NA,NA,"lived",1,"error31","simple","mechanical","n/a","none","none","N/A","n/a","none","simple","N/A","n/a"
"271","Surgical","Adult",528570,37.5,60,50,"Cool","reduced","normal pink","<3 seconds","int mild pain","hypomotile","slight","slight",">1 liter",2,"decreased","distended small",35,6.5,NA,NA,"died",1,"Sm intestine","strangulation","N/A","lipoma/slenic incarceration","none","none","N/A","n/a","none","simple","N/A","n/a"
"272","Surgical","Adult",534626,37.7,80,NA,"Cool","reduced","dark cyanotic","<3 seconds","cont severe pain","absent","none","slight","<1 liter",3,"decreased","normal",50,55,"serosanguinous",2,"lived",1,"lg colon and cecum","strangulation","N/A","intussuption","none","none","N/A","n/a","none","simple","N/A","n/a"
"273","Surgical","Adult",529796,NA,100,30,"Cool","reduced","pale cyanotic",">3 seconds","cont severe pain","absent","severe","significant","<1 liter",3,"absent","distended small",52,6.6,NA,NA,"lived",1,"Sm intestine","simple","Paralytic","adynamic","none","none","N/A","n/a","none","simple","N/A","n/a"
"274","Surgical","Adult",528638,37.7,120,28,"Cool","reduced","pale pink","<3 seconds","cont severe pain","hypomotile","moderate","none","none",1,NA,NA,65,7,"serosanguinous",NA,"died",1,"lg colon and cecum","strangulation","N/A","volvulus/torsion","none","none","N/A","n/a","none","simple","N/A","n/a"
"275","Surgical","Adult",534624,NA,76,NA,NA,"reduced",NA,NA,NA,"absent","severe",NA,NA,NA,NA,"distended large",NA,NA,NA,NA,"was euthanized",1,"all sites","simple","Paralytic","adynamic","none","none","N/A","n/a","none","simple","N/A","n/a"
"276","Surgical","Young",5297159,38.8,150,50,"Normal","reduced","dark cyanotic",">3 seconds","cont severe pain","hypomotile","slight","none","none",1,NA,NA,50,6.2,NA,NA,"died",1,"lg colon and cecum","strangulation","N/A","thromboemboic","none","none","N/A","n/a","none","simple","N/A","n/a"
"277","Surgical","Adult",534787,38,36,16,"Cool","normal","normal pink","<3 seconds","int severe pain","normal","slight","significant","<1 liter",3,"decreased",NA,37,75,"cloudy",1,"was euthanized",2,"lg colon","simple","mechanical","obturation","none","none","N/A","n/a","none","simple","N/A","n/a"
"278","Non-Surgical","Adult",528620,36.9,50,40,"Warm","reduced","pale pink","<3 seconds","alert no pain","hypomotile","slight","significant","none",1,NA,NA,37.5,6.5,NA,NA,"lived",2,"lg colon","simple","mechanical","obturation","none","none","N/A","n/a","none","simple","N/A","n/a"
"279","Non-Surgical","Adult",528019,37.8,40,16,"Normal","normal","normal pink","<3 seconds","alert no pain","hypermotile","none",NA,NA,NA,"normal","normal",37,6.8,NA,NA,"lived",2,"none","None","N/A","n/a","none","none","N/A","n/a","none","simple","N/A","n/a"
"280","Non-Surgical","Adult",529172,38.2,56,40,"Cold","reduced","normal pink","<3 seconds","depressed","absent","moderate","slight",">1 liter",2,NA,NA,47,7.2,"clear",2.5,"lived",2,"uterus","inflammation","N/A","n/a","none","none","N/A","n/a","none","simple","N/A","n/a"
"281","Surgical","Adult",534644,38.6,48,12,NA,NA,"normal pink",NA,"alert no pain","hypermotile",NA,NA,NA,NA,NA,NA,36,67,NA,NA,"lived",2,"none","None","N/A","n/a","none","none","N/A","n/a","none","simple","N/A","n/a"
"282","Non-Surgical","Adult",530624,40,78,NA,"Cool","reduced","bright red","<3 seconds","depressed","hypomotile","none","none","none",1,"absent","normal",66,6.5,NA,NA,"died",1,"uterus","other","N/A","n/a","none","none","N/A","n/a","none","simple","N/A","n/a"
"283","Surgical","Adult",527544,NA,70,16,"Cool","absent","bright red",">3 seconds","depressed","hypomotile","slight","slight","none",1,"absent","distended large",60,7.5,NA,NA,"died",1,"gastric","other","N/A","n/a","none","none","N/A","n/a","none","simple","N/A","n/a"
"284","Surgical","Adult",527758,38.2,72,18,NA,NA,NA,NA,NA,NA,NA,NA,NA,NA,NA,NA,35,6.4,NA,NA,"lived",1,"lg colon","simple","Paralytic","adynamic","none","none","N/A","n/a","none","simple","N/A","n/a"
"285","Non-Surgical","Adult",530439,38.5,54,NA,"Normal","normal","normal pink","<3 seconds","int mild pain","hypermotile","none","slight","none",1,"normal",NA,40,6.8,"cloudy",7,"lived",2,"none","None","N/A","n/a","none","none","N/A","n/a","none","simple","N/A","n/a"
"286","Surgical","Adult",5283431,38.5,66,24,"Normal","normal","normal pink","<3 seconds","int mild pain","hypomotile","none","slight","none",1,"absent","distended large",40,6.7,"clear",NA,"lived",1,"error31","simple","mechanical","n/a","none","none","N/A","n/a","none","simple","N/A","n/a"
"287","Non-Surgical","Adult",5275212,37.8,82,12,"Cool","normal","normal pink",">3 seconds","int severe pain",NA,"moderate","none","<1 liter",3,NA,NA,50,7,NA,NA,"was euthanized",1,"Sm intestine","strangulation","N/A","volvulus/torsion","none","none","N/A","n/a","none","simple","N/A","n/a"
"288","Non-Surgical","Young",5305129,39.5,84,30,NA,NA,NA,"<3 seconds",NA,NA,NA,NA,NA,NA,NA,NA,28,5,NA,NA,"lived",2,"none","None","N/A","n/a","none","none","N/A","n/a","none","simple","N/A","n/a"
"289","Surgical","Adult",529428,NA,NA,NA,NA,NA,NA,NA,NA,NA,NA,NA,NA,NA,NA,NA,NA,NA,NA,NA,"lived",1,"Sm intestine","simple","Paralytic","adynamic","none","none","N/A","n/a","none","simple","N/A","n/a"
"290","Surgical","Adult",529126,38,50,36,NA,"normal","normal pink","<3 seconds","int mild pain","normal","slight",NA,NA,NA,"decreased",NA,39,6.6,"clear",5.3,"lived",1,"uterus","other","N/A","n/a","none","none","N/A","n/a","none","simple","N/A","n/a"
"291","Non-Surgical","Adult",535054,38.6,45,16,"Warm","normal","bright pink","<3 seconds","alert no pain","hypermotile",NA,NA,NA,NA,"normal","normal",43,58,NA,NA,"lived",2,"none","None","N/A","n/a","none","none","N/A","n/a","none","simple","N/A","n/a"
"292","Surgical","Adult",528890,38.9,80,44,"Cool","reduced","pale pink","<3 seconds","depressed","hypomotile","moderate","slight",">1 liter",2,"decreased","normal",54,6.5,"serosanguinous",NA,"died",1,"retum/descending colon","simple","mechanical","obturation","none","none","N/A","n/a","none","simple","N/A","n/a"
"293","Surgical","Adult",530034,37,66,20,"Normal","reduced","bright pink","<3 seconds","int severe pain","hypomotile","moderate","none",NA,NA,"normal","distended large",35,6.9,"cloudy",NA,"died",1,"error31","simple","mechanical","n/a","none","none","N/A","n/a","none","simple","N/A","n/a"
"294","Surgical","Adult",534004,NA,78,24,"Cool","reduced","pale pink","<3 seconds",NA,"hypomotile",NA,"slight","none",1,NA,"distended small",43,62,NA,2,"was euthanized",2,"Sm intestine","strangulation","N/A","lipoma/slenic incarceration","none","none","N/A","n/a","none","simple","N/A","n/a"
"295","Non-Surgical","Adult",533902,38.5,40,16,"Normal","normal","normal pink","<3 seconds","depressed","hypermotile","none",NA,NA,NA,"decreased","other",37,67,NA,NA,"lived",2,"none","None","N/A","n/a","none","none","N/A","n/a","none","simple","N/A","n/a"
"296","Surgical","Adult",533886,NA,120,70,"Cold",NA,"pale cyanotic",">3 seconds","depressed","absent",NA,NA,NA,NA,NA,"distended large",55,65,NA,NA,"was euthanized",2,"lg colon","strangulation","N/A","volvulus/torsion","none","none","N/A","n/a","none","simple","N/A","n/a"
"297","Non-Surgical","Adult",527702,37.2,72,24,"Cool","increased","pale cyanotic",">3 seconds","int severe pain","hypomotile","moderate","significant","none",1,"absent","distended small",44,NA,"serosanguinous",3.3,"was euthanized",1,"Sm intestine","strangulation","N/A","hernia","none","none","N/A","n/a","none","simple","N/A","n/a"
"298","Surgical","Adult",529386,37.5,72,30,"Cold","reduced","pale cyanotic","<3 seconds","int severe pain","absent","moderate","slight","none",1,"decreased","distended large",60,6.8,NA,NA,"died",1,"lg colon","strangulation","N/A","volvulus/torsion","none","none","N/A","n/a","none","simple","N/A","n/a"
"299","Surgical","Adult",530612,36.5,100,24,"Cool","reduced","pale pink","<3 seconds","int mild pain","hypomotile","moderate","significant","none",1,"absent","distended small",50,6,"serosanguinous",3.4,"lived",1,"Sm intestine","strangulation","N/A","hernia","none","none","N/A","n/a","none","simple","N/A","n/a"
"300","Surgical","Adult",534618,37.2,40,20,NA,NA,NA,NA,NA,NA,NA,NA,NA,NA,"absent","normal",36,62,"clear",1,"was euthanized",2,"transverse colon","simple","mechanical","intrinsic","none","none","N/A","n/a","none","simple","N/A","n/a"
